,permno,bgndate,enddate,n_samp
0,1.0,1997-01-31,2017-11-30,249.0
1,2.0,1997-01-31,2017-11-30,245.0
2,4.0,1997-01-31,2017-11-30,242.0
3,5.0,1997-01-31,2017-11-30,235.0
4,6.0,1997-01-31,2017-09-30,249.0
5,7.0,1997-01-31,2017-09-30,230.0
6,8.0,1997-01-31,2017-11-30,246.0
7,9.0,1997-01-31,2017-11-30,248.0
8,10.0,1997-01-31,2017-11-30,213.0
9,11.0,1997-01-31,2017-11-30,246.0
10,12.0,1997-01-31,2017-11-30,251.0
11,14.0,1997-01-31,2017-11-30,248.0
12,16.0,1997-01-31,2017-11-30,249.0
13,17.0,1997-01-31,2017-11-30,202.0
14,18.0,1997-01-31,2017-11-30,247.0
15,19.0,1997-01-31,2017-08-31,243.0
16,20.0,1997-01-31,2017-11-30,235.0
17,21.0,1997-01-31,2017-11-30,251.0
18,22.0,1997-01-31,2017-11-30,245.0
19,23.0,1997-01-31,2017-11-30,241.0
20,25.0,1997-01-31,2017-11-30,250.0
21,26.0,1997-01-31,2017-11-30,251.0
22,27.0,1997-01-31,2017-11-30,250.0
23,28.0,1997-01-31,2017-11-30,247.0
24,30.0,1997-01-31,2017-11-30,215.0
25,31.0,1997-01-31,2017-07-31,247.0
26,32.0,1997-01-31,2017-11-30,240.0
27,33.0,1997-01-31,2017-07-31,213.0
28,34.0,1997-01-31,2017-09-30,228.0
29,35.0,1997-01-31,2017-08-31,215.0
30,36.0,1997-01-31,2017-11-30,246.0
31,37.0,1997-01-31,2017-11-30,240.0
32,38.0,1997-01-31,2017-11-30,168.0
33,39.0,1997-01-31,2017-11-30,251.0
34,40.0,1997-01-31,2017-11-30,247.0
35,42.0,1997-01-31,2017-11-30,244.0
36,43.0,1997-01-31,2017-11-30,248.0
37,45.0,1997-01-31,2017-11-30,245.0
38,46.0,1997-01-31,2017-11-30,251.0
39,48.0,1997-01-31,2017-11-30,246.0
40,49.0,1997-01-31,2017-11-30,249.0
41,50.0,1997-01-31,2017-11-30,244.0
42,55.0,1997-01-31,2017-11-30,251.0
43,56.0,1997-01-31,2017-10-31,249.0
44,58.0,1997-01-31,2017-11-30,232.0
45,59.0,1997-01-31,2017-11-30,247.0
46,60.0,1997-01-31,2017-11-30,251.0
47,61.0,1997-01-31,2017-11-30,243.0
48,62.0,1997-01-31,2017-11-30,250.0
49,63.0,1997-11-30,2017-11-30,241.0
50,65.0,1998-06-30,2017-11-30,230.0
51,66.0,1997-06-30,2017-11-30,238.0
52,68.0,1997-06-30,2017-11-30,222.0
53,69.0,1997-09-30,2017-11-30,242.0
54,70.0,2000-05-31,2017-11-30,203.0
55,78.0,1998-12-31,2017-11-30,228.0
56,88.0,1997-07-31,2017-11-30,242.0
57,89.0,1998-04-30,2017-11-30,236.0
58,90.0,1999-07-31,2017-11-30,220.0
59,96.0,2000-07-31,2017-11-30,209.0
60,99.0,2000-07-31,2017-11-30,204.0
61,100.0,2004-01-31,2017-11-30,159.0
62,150.0,2000-08-31,2017-11-30,197.0
63,151.0,2000-09-30,2017-11-30,207.0
64,153.0,2000-09-30,2017-11-30,195.0
65,156.0,2000-09-30,2017-11-30,128.0
66,157.0,2000-10-31,2017-11-30,204.0
67,158.0,2000-07-31,2017-11-30,207.0
68,159.0,2000-09-30,2017-11-30,202.0
69,301.0,2000-05-31,2017-11-30,202.0
70,400.0,1997-04-30,2017-11-30,240.0
71,401.0,1997-01-31,2017-11-30,248.0
72,402.0,1997-01-31,2017-11-30,251.0
73,403.0,1997-01-31,2017-11-30,169.0
74,404.0,1997-01-31,2017-11-30,251.0
75,407.0,1997-01-31,2017-11-30,246.0
76,408.0,1997-01-31,2017-11-30,236.0
77,409.0,1997-01-31,2017-11-30,228.0
78,410.0,1997-01-31,2017-11-30,251.0
79,411.0,1997-01-31,2017-11-30,244.0
80,413.0,1997-01-31,2017-11-30,248.0
81,415.0,1997-01-31,2017-11-30,233.0
82,416.0,1997-01-31,2017-11-30,248.0
83,417.0,1997-01-31,2017-11-30,251.0
84,418.0,1997-03-31,2017-11-30,249.0
85,419.0,1997-01-31,2017-11-30,251.0
86,420.0,1997-01-31,2017-11-30,250.0
87,421.0,1997-01-31,2017-11-30,248.0
88,422.0,1997-01-31,2017-11-30,251.0
89,423.0,1997-01-31,2017-11-30,247.0
90,425.0,1997-01-31,2017-11-30,251.0
91,426.0,1997-01-31,2017-11-30,242.0
92,428.0,1997-01-31,2017-11-30,247.0
93,429.0,1998-02-28,2017-11-30,231.0
94,430.0,1997-01-31,2017-11-30,247.0
95,488.0,2000-11-30,2017-11-30,205.0
96,498.0,1997-06-30,2017-11-30,186.0
97,501.0,1997-01-31,2017-11-30,248.0
98,502.0,1997-01-31,2017-11-30,237.0
99,503.0,1997-01-31,2017-05-31,244.0
100,504.0,1997-01-31,2017-07-31,236.0
101,505.0,1997-01-31,2017-11-30,238.0
102,506.0,1997-01-31,2017-11-30,216.0
103,507.0,1997-01-31,2017-11-30,251.0
104,509.0,1997-01-31,2017-07-31,241.0
105,510.0,1997-01-31,2017-11-30,247.0
106,511.0,1997-01-31,2017-04-30,235.0
107,513.0,1997-01-31,2017-11-30,243.0
108,514.0,1997-01-31,2017-11-30,248.0
109,516.0,1997-01-31,2017-11-30,247.0
110,517.0,1997-01-31,2017-11-30,208.0
111,518.0,1997-01-31,2017-11-30,238.0
112,519.0,1997-01-31,2017-11-30,245.0
113,520.0,1997-01-31,2017-11-30,223.0
114,521.0,1997-01-31,2017-11-30,251.0
115,523.0,1997-01-31,2017-11-30,249.0
116,524.0,1997-01-31,2017-11-30,245.0
117,525.0,1997-01-31,2017-11-30,251.0
118,526.0,1997-01-31,2017-10-31,239.0
119,528.0,1997-01-31,2017-11-30,251.0
120,529.0,1997-01-31,2017-11-30,208.0
121,530.0,1997-01-31,2017-11-30,249.0
122,531.0,1997-01-31,2017-11-30,247.0
123,532.0,1997-01-31,2017-11-30,248.0
124,533.0,1997-01-31,2017-11-30,247.0
125,534.0,1997-01-31,2017-11-30,239.0
126,536.0,1997-01-31,2017-11-30,222.0
127,537.0,1997-01-31,2017-11-30,247.0
128,538.0,1997-01-31,2017-11-30,247.0
129,539.0,1997-01-31,2017-11-30,249.0
130,540.0,1997-01-31,2017-08-31,244.0
131,541.0,1997-01-31,2017-11-30,250.0
132,543.0,1997-01-31,2017-11-30,251.0
133,544.0,1997-01-31,2017-11-30,245.0
134,545.0,1997-01-31,2017-11-30,228.0
135,546.0,1997-01-31,2017-11-30,242.0
136,547.0,1997-01-31,2017-10-31,237.0
137,548.0,1997-01-31,2017-11-30,251.0
138,550.0,1997-01-31,2017-11-30,249.0
139,551.0,1997-01-31,2017-11-30,251.0
140,552.0,1997-01-31,2017-11-30,239.0
141,553.0,1997-01-31,2017-11-30,235.0
142,554.0,1997-01-31,2017-11-30,250.0
143,555.0,1997-01-31,2017-07-31,238.0
144,557.0,1997-01-31,2017-11-30,188.0
145,558.0,1997-01-31,2017-11-30,244.0
146,559.0,1997-01-31,2017-11-30,251.0
147,560.0,1997-01-31,2017-11-30,234.0
148,561.0,1997-01-31,2017-11-30,224.0
149,563.0,1997-01-31,2017-11-30,249.0
150,564.0,1997-01-31,2017-11-30,238.0
151,565.0,1997-01-31,2017-11-30,245.0
152,566.0,1997-01-31,2017-11-30,248.0
153,567.0,1997-01-31,2017-11-30,250.0
154,568.0,1997-01-31,2017-11-30,250.0
155,570.0,1997-01-31,2017-11-30,251.0
156,571.0,1997-01-31,2017-11-30,241.0
157,572.0,1997-01-31,2017-11-30,250.0
158,573.0,1997-01-31,2017-11-30,251.0
159,576.0,1997-01-31,2017-11-30,248.0
160,581.0,1998-09-30,2017-11-30,231.0
161,582.0,1997-01-31,2017-11-30,239.0
162,584.0,1997-01-31,2017-11-30,239.0
163,585.0,1997-01-31,2017-08-31,238.0
164,586.0,1997-01-31,2017-11-30,239.0
165,587.0,1997-01-31,2017-11-30,231.0
166,589.0,1997-01-31,2017-11-30,251.0
167,590.0,1997-01-31,2017-11-30,248.0
168,591.0,1997-01-31,2017-11-30,248.0
169,592.0,1997-01-31,2017-08-31,224.0
170,593.0,1997-01-31,2017-11-30,249.0
171,595.0,1997-01-31,2017-11-30,247.0
172,596.0,1997-01-31,2017-11-30,245.0
173,597.0,1997-01-31,2017-11-30,251.0
174,598.0,1997-01-31,2017-11-30,251.0
175,599.0,1997-01-31,2017-11-30,251.0
176,600.0,1997-01-31,2017-11-30,248.0
177,601.0,1997-01-31,2017-11-30,249.0
178,603.0,1997-01-31,2017-11-30,222.0
179,605.0,1997-01-31,2017-11-30,232.0
180,606.0,1997-01-31,2017-11-30,244.0
181,607.0,1997-01-31,2017-11-30,242.0
182,608.0,1997-01-31,2017-09-30,244.0
183,609.0,1997-01-31,2017-11-30,249.0
184,610.0,1997-01-31,2017-11-30,247.0
185,611.0,1997-01-31,2017-11-30,241.0
186,612.0,1997-01-31,2017-11-30,244.0
187,613.0,1997-01-31,2017-11-30,233.0
188,615.0,1997-01-31,2017-11-30,245.0
189,616.0,1997-01-31,2017-11-30,247.0
190,617.0,1997-01-31,2017-11-30,247.0
191,619.0,1997-01-31,2017-11-30,250.0
192,620.0,1997-01-31,2017-11-30,187.0
193,622.0,1997-01-31,2017-11-30,164.0
194,623.0,1997-01-31,2017-11-30,249.0
195,625.0,1997-06-30,2017-11-30,242.0
196,626.0,1997-01-31,2017-11-30,246.0
197,627.0,1997-01-31,2017-11-30,249.0
198,628.0,1997-01-31,2017-11-30,235.0
199,629.0,1997-01-31,2017-04-30,235.0
200,630.0,1997-01-31,2017-11-30,245.0
201,631.0,1997-01-31,2017-11-30,214.0
202,632.0,1997-01-31,2017-11-30,251.0
203,633.0,1997-01-31,2017-11-30,217.0
204,635.0,1997-01-31,2017-11-30,250.0
205,636.0,1997-01-31,2017-11-30,246.0
206,637.0,1997-01-31,2017-11-30,251.0
207,638.0,1997-01-31,2017-07-31,180.0
208,639.0,1997-01-31,2017-11-30,242.0
209,650.0,1997-01-31,2017-11-30,239.0
210,651.0,1997-01-31,2017-11-30,245.0
211,652.0,1997-01-31,2017-11-30,243.0
212,655.0,1997-01-31,2017-11-30,242.0
213,656.0,1997-01-31,2017-11-30,238.0
214,657.0,1997-01-31,2017-11-30,211.0
215,659.0,1997-01-31,2017-11-30,248.0
216,661.0,1997-01-31,2017-11-30,251.0
217,662.0,1997-01-31,2017-11-30,241.0
218,663.0,1997-01-31,2017-11-30,246.0
219,665.0,1997-01-31,2017-11-30,244.0
220,666.0,1997-01-31,2017-11-30,248.0
221,667.0,1997-01-31,2017-11-30,251.0
222,668.0,1997-01-31,2017-11-30,231.0
223,669.0,1997-01-31,2017-11-30,247.0
224,670.0,1997-01-31,2017-11-30,174.0
225,671.0,1997-01-31,2017-11-30,244.0
226,672.0,1997-01-31,2017-11-30,178.0
227,673.0,1997-01-31,2017-11-30,240.0
228,676.0,1997-01-31,2017-11-30,240.0
229,677.0,1997-01-31,2017-11-30,230.0
230,678.0,1997-01-31,2017-11-30,242.0
231,679.0,1997-01-31,2017-11-30,245.0
232,680.0,1997-01-31,2017-11-30,251.0
233,681.0,1997-01-31,2017-11-30,196.0
234,682.0,1997-01-31,2017-11-30,239.0
235,683.0,1997-01-31,2017-11-30,248.0
236,685.0,1997-01-31,2017-11-30,251.0
237,686.0,1997-02-28,2017-11-30,241.0
238,687.0,1997-02-28,2017-11-30,244.0
239,688.0,1997-01-31,2017-09-30,173.0
240,690.0,1997-01-31,2017-11-30,250.0
241,691.0,1997-02-28,2017-11-30,232.0
242,692.0,1997-02-28,2017-11-30,247.0
243,695.0,1997-02-28,2017-09-30,232.0
244,697.0,1997-03-31,2017-11-30,236.0
245,698.0,1997-02-28,2017-11-30,247.0
246,700.0,1997-02-28,2017-11-30,247.0
247,701.0,1997-02-28,2017-11-30,250.0
248,702.0,1997-03-31,2017-11-30,249.0
249,703.0,1997-03-31,2017-11-30,249.0
250,705.0,1997-04-30,2017-11-30,247.0
251,707.0,1997-04-30,2017-11-30,245.0
252,708.0,1997-03-31,2017-11-30,243.0
253,709.0,1997-04-30,2017-11-30,244.0
254,710.0,1997-04-30,2017-11-30,238.0
255,711.0,1997-04-30,2017-11-30,235.0
256,712.0,1997-04-30,2017-11-30,242.0
257,713.0,1997-04-30,2017-11-30,244.0
258,715.0,1997-05-31,2017-11-30,235.0
259,716.0,1997-04-30,2017-11-30,229.0
260,717.0,1997-05-31,2017-11-30,243.0
261,718.0,1997-04-30,2017-11-30,234.0
262,719.0,1997-03-31,2017-11-30,194.0
263,720.0,1997-05-31,2017-11-30,238.0
264,721.0,1997-04-30,2017-11-30,242.0
265,722.0,1997-05-31,2017-11-30,221.0
266,723.0,1997-05-31,2017-11-30,232.0
267,725.0,2001-01-31,2017-11-30,203.0
268,726.0,2000-12-31,2017-11-30,202.0
269,727.0,1997-05-31,2017-11-30,244.0
270,728.0,1997-06-30,2017-11-30,236.0
271,729.0,1997-07-31,2017-11-30,245.0
272,731.0,1997-06-30,2017-11-30,245.0
273,732.0,1997-07-31,2017-11-30,204.0
274,733.0,1997-07-31,2017-11-30,245.0
275,735.0,1997-06-30,2017-11-30,246.0
276,736.0,1997-04-30,2017-11-30,222.0
277,737.0,1997-04-30,2017-11-30,248.0
278,738.0,1997-06-30,2017-11-30,245.0
279,739.0,1997-05-31,2017-11-30,245.0
280,750.0,1997-07-31,2017-11-30,190.0
281,751.0,1997-06-30,2017-11-30,228.0
282,752.0,1997-06-30,2017-11-30,244.0
283,753.0,1997-06-30,2017-11-30,246.0
284,755.0,1997-06-30,2017-11-30,234.0
285,756.0,1997-08-31,2017-11-30,241.0
286,757.0,1997-06-30,2017-10-31,171.0
287,758.0,1997-04-30,2017-11-30,248.0
288,759.0,1997-05-31,2017-11-30,243.0
289,760.0,1997-06-30,2017-11-30,238.0
290,761.0,1998-01-31,2017-11-30,237.0
291,762.0,1997-07-31,2017-11-30,243.0
292,766.0,1997-04-30,2017-11-30,238.0
293,767.0,1997-06-30,2017-11-30,242.0
294,768.0,1997-06-30,2017-11-30,244.0
295,776.0,1997-06-30,2017-11-30,204.0
296,777.0,1997-07-31,2017-11-30,244.0
297,778.0,1997-06-30,2017-11-30,244.0
298,779.0,1997-05-31,2017-11-30,245.0
299,780.0,1997-06-30,2017-11-30,243.0
300,782.0,1997-06-30,2017-11-30,244.0
301,783.0,1997-07-31,2017-11-30,235.0
302,785.0,1997-07-31,2017-11-30,240.0
303,786.0,1997-06-30,2017-11-30,241.0
304,788.0,1997-06-30,2017-11-30,244.0
305,789.0,1997-09-30,2017-11-30,243.0
306,790.0,1998-03-31,2017-09-30,235.0
307,791.0,1997-10-31,2017-11-30,240.0
308,792.0,1997-09-30,2017-11-30,238.0
309,793.0,1997-07-31,2017-11-30,236.0
310,795.0,1997-08-31,2017-11-30,239.0
311,796.0,1997-07-31,2017-11-30,230.0
312,797.0,1997-07-31,2017-11-30,244.0
313,798.0,1998-02-28,2017-11-30,234.0
314,799.0,1997-07-31,2017-11-30,240.0
315,800.0,1997-06-30,2017-11-30,246.0
316,801.0,1998-05-31,2017-11-30,235.0
317,802.0,1998-01-31,2017-11-30,235.0
318,803.0,1998-03-31,2017-11-30,229.0
319,806.0,1998-04-30,2017-07-31,222.0
320,807.0,1998-04-30,2017-11-30,234.0
321,809.0,1998-06-30,2017-11-30,227.0
322,810.0,1998-06-30,2017-11-30,220.0
323,811.0,1998-05-31,2017-11-30,231.0
324,812.0,1998-06-30,2017-11-30,228.0
325,813.0,1998-05-31,2017-11-30,216.0
326,815.0,1998-06-30,2017-11-30,220.0
327,816.0,1997-08-31,2017-11-30,242.0
328,818.0,1997-10-31,2017-11-30,224.0
329,819.0,1997-06-30,2017-11-30,245.0
330,820.0,1998-06-30,2017-07-31,197.0
331,821.0,1998-06-30,2017-11-30,228.0
332,822.0,1998-07-31,2017-11-30,233.0
333,823.0,1997-10-31,2017-11-30,242.0
334,825.0,1998-10-31,2017-11-30,230.0
335,826.0,1998-02-28,2017-11-30,230.0
336,828.0,1997-06-30,2017-11-30,239.0
337,829.0,1997-12-31,2017-11-30,226.0
338,830.0,1998-08-31,2017-11-30,232.0
339,831.0,1998-09-30,2017-11-30,209.0
340,833.0,1998-11-30,2017-11-30,221.0
341,835.0,1999-06-30,2017-11-30,212.0
342,836.0,1997-09-30,2017-11-30,231.0
343,837.0,1998-09-30,2017-11-30,230.0
344,838.0,1997-06-30,2017-11-30,239.0
345,839.0,1997-10-31,2017-11-30,237.0
346,848.0,1997-11-30,2017-11-30,239.0
347,850.0,1998-10-31,2017-11-30,224.0
348,851.0,1998-06-30,2017-11-30,220.0
349,852.0,1998-11-30,2017-11-30,223.0
350,856.0,1998-08-31,2017-11-30,232.0
351,858.0,1998-04-30,2017-11-30,232.0
352,859.0,1998-11-30,2017-11-30,229.0
353,860.0,1998-11-30,2017-11-30,229.0
354,861.0,1998-10-31,2017-11-30,227.0
355,862.0,1998-09-30,2017-11-30,217.0
356,863.0,1997-09-30,2017-11-30,176.0
357,868.0,1997-07-31,2017-11-30,242.0
358,869.0,2000-10-31,2017-11-30,206.0
359,875.0,2002-09-30,2017-11-30,179.0
360,876.0,1998-03-31,2017-11-30,229.0
361,877.0,1999-01-31,2017-11-30,227.0
362,878.0,1998-06-30,2017-11-30,230.0
363,880.0,1998-04-30,2017-11-30,225.0
364,881.0,1998-09-30,2017-11-30,224.0
365,882.0,1998-06-30,2017-11-30,231.0
366,883.0,1998-05-31,2017-11-30,227.0
367,885.0,1999-03-31,2017-11-30,211.0
368,886.0,1998-01-31,2017-11-30,238.0
369,887.0,1998-12-31,2017-11-30,220.0
370,888.0,1997-10-31,2017-11-30,241.0
371,889.0,1997-12-31,2017-11-30,226.0
372,890.0,1999-01-31,2017-11-30,223.0
373,892.0,1999-01-31,2017-11-30,198.0
374,893.0,1998-12-31,2017-11-30,216.0
375,895.0,1998-12-31,2017-11-30,208.0
376,897.0,1999-04-30,2017-11-30,224.0
377,898.0,1997-12-31,2017-11-30,240.0
378,899.0,1997-11-30,2017-11-30,239.0
379,900.0,1999-01-31,2017-10-31,224.0
380,901.0,1999-04-30,2017-11-30,218.0
381,902.0,1999-04-30,2017-11-30,220.0
382,903.0,1999-04-30,2017-11-30,222.0
383,905.0,1999-04-30,2017-11-30,216.0
384,906.0,1999-07-31,2017-11-30,219.0
385,908.0,1999-02-28,2017-11-30,215.0
386,909.0,1999-05-31,2017-11-30,223.0
387,910.0,1999-06-30,2017-11-30,221.0
388,911.0,1999-05-31,2017-11-30,223.0
389,912.0,1999-06-30,2017-11-30,215.0
390,913.0,1999-05-31,2017-11-30,223.0
391,915.0,1999-06-30,2017-11-30,222.0
392,916.0,1999-09-30,2017-11-30,208.0
393,917.0,1999-03-31,2017-11-30,213.0
394,918.0,1999-07-31,2017-11-30,194.0
395,919.0,1999-11-30,2017-11-30,217.0
396,920.0,1999-06-30,2017-11-30,207.0
397,921.0,1999-07-31,2017-11-30,215.0
398,922.0,1999-06-30,2017-11-30,216.0
399,923.0,1999-07-31,2017-11-30,216.0
400,925.0,1999-06-30,2017-11-30,191.0
401,926.0,1999-06-30,2017-11-30,221.0
402,927.0,1999-07-31,2017-11-30,220.0
403,928.0,1999-03-31,2017-11-30,222.0
404,929.0,1999-06-30,2017-11-30,216.0
405,930.0,1999-07-31,2017-10-31,220.0
406,931.0,1999-07-31,2017-11-30,212.0
407,932.0,1999-08-31,2017-11-30,213.0
408,933.0,1999-08-31,2017-11-30,220.0
409,935.0,1999-08-31,2017-11-30,208.0
410,936.0,1999-08-31,2017-11-30,219.0
411,937.0,1999-09-30,2017-11-30,219.0
412,938.0,1999-11-30,2017-11-30,212.0
413,939.0,1999-09-30,2017-11-30,215.0
414,948.0,1999-10-31,2017-11-30,216.0
415,949.0,1999-10-31,2017-11-30,218.0
416,950.0,1999-09-30,2017-04-30,201.0
417,951.0,1999-11-30,2017-11-30,210.0
418,952.0,1999-11-30,2017-11-30,213.0
419,953.0,1999-12-31,2017-11-30,208.0
420,955.0,1999-12-31,2017-11-30,213.0
421,957.0,2000-01-31,2017-11-30,214.0
422,958.0,1999-12-31,2017-11-30,213.0
423,959.0,1999-12-31,2017-11-30,200.0
424,960.0,2000-02-29,2017-11-30,212.0
425,961.0,2000-03-31,2017-11-30,205.0
426,962.0,2000-01-31,2017-11-30,209.0
427,963.0,2000-01-31,2017-11-30,211.0
428,965.0,2000-04-30,2017-11-30,208.0
429,966.0,2000-03-31,2017-11-30,213.0
430,967.0,2000-03-31,2017-11-30,207.0
431,968.0,2000-06-30,2017-11-30,201.0
432,969.0,2000-05-31,2017-11-30,209.0
433,970.0,2000-04-30,2017-11-30,211.0
434,971.0,2000-04-30,2017-10-31,205.0
435,972.0,2000-09-30,2017-11-30,196.0
436,973.0,2000-05-31,2017-11-30,208.0
437,975.0,2000-06-30,2017-11-30,194.0
438,976.0,2000-06-30,2017-11-30,196.0
439,977.0,2000-06-30,2017-11-30,210.0
440,978.0,2000-05-31,2017-11-30,209.0
441,979.0,2000-06-30,2017-09-30,198.0
442,980.0,2000-06-30,2017-11-30,203.0
443,981.0,2000-06-30,2017-11-30,167.0
444,982.0,2000-07-31,2017-11-30,179.0
445,983.0,2000-07-31,2017-11-30,209.0
446,985.0,2000-07-31,2017-11-30,209.0
447,987.0,2000-07-31,2017-11-30,202.0
448,988.0,2000-06-30,2017-11-30,210.0
449,989.0,2000-06-30,2017-11-30,207.0
450,990.0,2000-07-31,2017-11-30,201.0
451,993.0,2000-07-31,2017-11-30,209.0
452,995.0,2000-08-31,2017-07-31,194.0
453,996.0,2000-07-31,2017-11-30,194.0
454,997.0,2000-08-31,2017-11-30,204.0
455,998.0,2000-12-31,2017-11-30,201.0
456,999.0,2000-03-31,2017-11-30,205.0
457,1696.0,1997-03-31,2017-08-31,240.0
458,1896.0,1998-01-31,2017-11-30,234.0
459,2001.0,2004-06-30,2017-11-30,162.0
460,2002.0,2004-06-30,2017-11-30,146.0
461,2003.0,2004-06-30,2017-11-30,158.0
462,2004.0,2004-06-30,2017-11-30,161.0
463,2005.0,2004-06-30,2017-11-30,158.0
464,2006.0,2004-06-30,2017-11-30,149.0
465,2007.0,2004-06-30,2017-11-30,161.0
466,2008.0,2004-06-30,2017-11-30,162.0
467,2009.0,2004-06-30,2017-11-30,158.0
468,2010.0,2004-06-30,2017-11-30,157.0
469,2011.0,2004-07-31,2017-11-30,160.0
470,2012.0,2004-07-31,2017-04-30,147.0
471,2013.0,2004-07-31,2017-11-30,157.0
472,2014.0,2004-07-31,2017-11-30,157.0
473,2015.0,2004-07-31,2017-07-31,141.0
474,2016.0,2004-07-31,2017-11-30,159.0
475,2017.0,2004-07-31,2017-11-30,161.0
476,2018.0,2004-07-31,2017-11-30,149.0
477,2019.0,2004-07-31,2017-11-30,159.0
478,2020.0,2004-07-31,2017-11-30,157.0
479,2021.0,2004-07-31,2017-11-30,149.0
480,2022.0,2004-07-31,2017-11-30,161.0
481,2023.0,2004-07-31,2017-11-30,161.0
482,2024.0,2004-07-31,2017-11-30,161.0
483,2025.0,2004-07-31,2017-11-30,152.0
484,2026.0,2004-07-31,2017-11-30,157.0
485,2027.0,2004-08-31,2017-11-30,156.0
486,2028.0,2004-08-31,2017-11-30,160.0
487,2029.0,2004-08-31,2017-11-30,160.0
488,2030.0,2004-08-31,2017-11-30,158.0
489,2031.0,2004-08-31,2017-11-30,159.0
490,2032.0,2004-08-31,2017-11-30,159.0
491,2033.0,2004-08-31,2017-11-30,160.0
492,2034.0,2004-08-31,2017-11-30,157.0
493,2035.0,2004-09-30,2017-11-30,159.0
494,2036.0,2004-09-30,2017-11-30,156.0
495,2037.0,2004-09-30,2017-11-30,158.0
496,2038.0,2004-09-30,2017-11-30,159.0
497,600000.0,1999-11-30,2017-11-30,216.0
498,600004.0,2003-04-30,2017-11-30,176.0
499,600005.0,1999-08-31,2017-01-31,207.0
500,600006.0,1999-07-31,2017-11-30,220.0
501,600007.0,1999-03-31,2017-11-30,225.0
502,600008.0,2000-04-30,2017-11-30,212.0
503,600009.0,1998-02-28,2017-11-30,238.0
504,600010.0,2001-03-31,2017-11-30,200.0
505,600011.0,2001-12-31,2017-11-30,192.0
506,600012.0,2003-01-31,2017-11-30,178.0
507,600015.0,2003-09-30,2017-11-30,169.0
508,600016.0,2000-12-31,2017-11-30,204.0
509,600018.0,2000-07-31,2017-11-30,208.0
510,600019.0,2000-12-31,2017-11-30,201.0
511,600020.0,2003-08-31,2017-11-30,171.0
512,600021.0,2003-10-31,2017-11-30,166.0
513,600022.0,2004-06-30,2017-11-30,157.0
514,600026.0,2002-05-31,2017-11-30,184.0
515,600028.0,2001-08-31,2017-11-30,196.0
516,600029.0,2003-07-31,2017-11-30,173.0
517,600030.0,2003-01-31,2017-11-30,179.0
518,600031.0,2003-07-31,2017-11-30,173.0
519,600033.0,2001-02-28,2017-11-30,202.0
520,600035.0,2004-03-31,2017-11-30,159.0
521,600036.0,2002-04-30,2017-11-30,188.0
522,600037.0,2001-02-28,2017-11-30,201.0
523,600038.0,2000-12-31,2017-11-30,202.0
524,600039.0,2003-03-31,2017-11-30,175.0
525,600050.0,2002-10-31,2017-11-30,178.0
526,600051.0,1997-04-30,2017-11-30,245.0
527,600052.0,1997-04-30,2017-11-30,243.0
528,600053.0,1997-04-30,2017-11-30,231.0
529,600054.0,1997-05-31,2017-11-30,247.0
530,600055.0,1997-05-31,2017-11-30,241.0
531,600056.0,1997-05-31,2017-11-30,242.0
532,600057.0,1997-06-30,2017-11-30,218.0
533,600058.0,1997-05-31,2017-11-30,240.0
534,600059.0,1997-05-31,2017-11-30,247.0
535,600060.0,1997-04-30,2017-11-30,248.0
536,600061.0,1997-05-31,2017-11-30,244.0
537,600062.0,1997-05-31,2017-11-30,247.0
538,600063.0,1997-05-31,2017-11-30,245.0
539,600064.0,1997-05-31,2017-11-30,247.0
540,600066.0,1997-05-31,2017-11-30,247.0
541,600067.0,1997-05-31,2017-11-30,247.0
542,600068.0,1997-05-31,2017-11-30,247.0
543,600069.0,1997-04-30,2017-11-30,247.0
544,600070.0,1997-06-30,2017-11-30,242.0
545,600071.0,1997-05-31,2017-11-30,240.0
546,600072.0,1997-06-30,2017-11-30,243.0
547,600073.0,1997-07-31,2017-11-30,244.0
548,600074.0,1997-06-30,2017-07-31,226.0
549,600075.0,1997-06-30,2017-11-30,240.0
550,600076.0,1997-05-31,2017-11-30,243.0
551,600077.0,1997-05-31,2017-11-30,246.0
552,600078.0,1997-06-30,2017-11-30,245.0
553,600079.0,1997-06-30,2017-11-30,246.0
554,600080.0,1997-06-30,2017-11-30,245.0
555,600081.0,1997-07-31,2017-11-30,245.0
556,600082.0,1997-06-30,2017-11-30,246.0
557,600083.0,1997-06-30,2017-11-30,239.0
558,600084.0,1997-07-31,2017-07-31,237.0
559,600085.0,1997-06-30,2017-11-30,246.0
560,600086.0,1997-06-30,2017-11-30,242.0
561,600088.0,1997-06-30,2017-11-30,242.0
562,600089.0,1997-06-30,2017-11-30,243.0
563,600090.0,1997-06-30,2017-11-30,236.0
564,600091.0,1997-07-31,2017-11-30,239.0
565,600093.0,1997-06-30,2017-11-30,246.0
566,600094.0,1997-07-31,2017-11-30,202.0
567,600095.0,1997-07-31,2017-11-30,245.0
568,600096.0,1997-07-31,2017-11-30,235.0
569,600097.0,1997-06-30,2017-11-30,242.0
570,600098.0,1997-07-31,2017-11-30,245.0
571,600099.0,1997-07-31,2017-11-30,238.0
572,600100.0,1997-06-30,2017-11-30,242.0
573,600101.0,1997-06-30,2017-11-30,246.0
574,600103.0,1997-07-31,2017-11-30,242.0
575,600104.0,1997-11-30,2017-11-30,240.0
576,600105.0,1997-09-30,2017-11-30,241.0
577,600106.0,1997-06-30,2017-11-30,242.0
578,600107.0,1997-11-30,2017-11-30,241.0
579,600108.0,1997-08-31,2017-11-30,244.0
580,600109.0,1997-08-31,2017-11-30,241.0
581,600110.0,1997-10-31,2017-11-30,233.0
582,600111.0,1997-09-30,2017-11-30,243.0
583,600112.0,1997-11-30,2017-11-30,237.0
584,600113.0,1997-10-31,2017-11-30,234.0
585,600114.0,2004-05-31,2017-11-30,163.0
586,600115.0,1997-11-30,2017-11-30,238.0
587,600116.0,1997-08-31,2017-11-30,244.0
588,600117.0,1997-10-31,2017-11-30,242.0
589,600118.0,1997-09-30,2017-11-30,243.0
590,600119.0,1998-01-31,2017-11-30,239.0
591,600120.0,1997-12-31,2017-11-30,233.0
592,600121.0,1998-01-31,2017-11-30,235.0
593,600122.0,1998-04-30,2017-11-30,229.0
594,600123.0,1998-12-31,2017-11-30,228.0
595,600125.0,1998-05-31,2017-11-30,235.0
596,600126.0,1998-03-31,2017-11-30,235.0
597,600127.0,1998-05-31,2017-11-30,234.0
598,600128.0,1997-09-30,2017-11-30,243.0
599,600129.0,1997-11-30,2017-11-30,238.0
600,600130.0,2000-07-31,2017-11-30,209.0
601,600131.0,1998-04-30,2017-11-30,236.0
602,600132.0,1997-10-31,2017-11-30,241.0
603,600133.0,1998-02-28,2017-11-30,229.0
604,600135.0,1998-01-31,2017-11-30,239.0
605,600136.0,1998-03-31,2017-11-30,218.0
606,600137.0,1998-04-30,2017-11-30,231.0
607,600138.0,1997-12-31,2017-11-30,240.0
608,600139.0,1998-02-28,2017-11-30,228.0
609,600141.0,1999-06-30,2017-11-30,221.0
610,600143.0,2004-06-30,2017-11-30,159.0
611,600146.0,1999-07-31,2017-09-30,194.0
612,600148.0,1998-05-31,2017-11-30,234.0
613,600149.0,1999-10-31,2017-11-30,214.0
614,600150.0,1998-05-31,2017-09-30,233.0
615,600151.0,1998-06-30,2017-11-30,228.0
616,600152.0,1998-06-30,2017-11-30,231.0
617,600153.0,1998-06-30,2017-11-30,223.0
618,600155.0,1998-09-30,2017-11-30,208.0
619,600156.0,1998-05-31,2017-11-30,235.0
620,600157.0,1998-05-31,2017-11-30,227.0
621,600158.0,1998-03-31,2017-11-30,236.0
622,600159.0,1998-05-31,2017-11-30,232.0
623,600160.0,1998-06-30,2017-11-30,234.0
624,600161.0,1998-06-30,2017-10-31,231.0
625,600162.0,1998-06-30,2017-11-30,234.0
626,600163.0,1998-06-30,2017-11-30,230.0
627,600165.0,1998-05-31,2017-11-30,231.0
628,600166.0,1998-06-30,2017-11-30,234.0
629,600167.0,1999-01-31,2017-11-30,219.0
630,600168.0,1998-04-30,2017-11-30,229.0
631,600169.0,1998-09-30,2017-11-30,231.0
632,600170.0,1998-06-30,2017-11-30,234.0
633,600171.0,1998-09-30,2017-11-30,230.0
634,600172.0,1998-11-30,2017-11-30,228.0
635,600173.0,1999-04-30,2017-11-30,214.0
636,600175.0,1999-04-30,2017-11-30,221.0
637,600176.0,1999-04-30,2017-11-30,224.0
638,600177.0,1998-11-30,2017-11-30,228.0
639,600178.0,1998-10-31,2017-11-30,229.0
640,600179.0,1998-11-30,2017-11-30,220.0
641,600180.0,1998-07-31,2017-11-30,224.0
642,600182.0,1999-05-31,2017-11-30,211.0
643,600183.0,1998-10-31,2017-11-30,229.0
644,600184.0,2003-11-30,2017-11-30,167.0
645,600185.0,1999-06-30,2017-11-30,221.0
646,600186.0,1998-08-31,2017-11-30,225.0
647,600187.0,1998-11-30,2017-11-30,194.0
648,600188.0,1998-07-31,2017-11-30,232.0
649,600189.0,1998-10-31,2017-11-30,222.0
650,600190.0,1999-06-30,2017-11-30,222.0
651,600191.0,1998-12-31,2017-11-30,221.0
652,600192.0,1998-12-31,2017-11-30,228.0
653,600193.0,1999-05-31,2017-11-30,217.0
654,600195.0,1999-01-31,2017-11-30,225.0
655,600196.0,1998-08-31,2017-11-30,232.0
656,600197.0,1999-09-30,2017-11-30,219.0
657,600198.0,1998-10-31,2017-11-30,226.0
658,600199.0,1998-08-31,2017-11-30,231.0
659,600200.0,1999-04-30,2017-11-30,221.0
660,600201.0,1999-01-31,2017-11-30,227.0
661,600202.0,1999-06-30,2017-11-30,219.0
662,600203.0,1999-05-31,2017-11-30,208.0
663,600206.0,1999-03-31,2017-11-30,224.0
664,600207.0,1999-07-31,2017-11-30,217.0
665,600208.0,1999-06-30,2017-11-30,221.0
666,600209.0,1999-03-31,2017-11-30,211.0
667,600210.0,1999-08-31,2017-11-30,220.0
668,600211.0,1999-07-31,2017-11-30,218.0
669,600212.0,1999-08-31,2017-11-30,204.0
670,600213.0,1999-08-31,2017-11-30,206.0
671,600215.0,1999-09-30,2017-11-30,217.0
672,600216.0,1999-10-31,2017-11-30,218.0
673,600217.0,1999-12-31,2017-11-30,208.0
674,600218.0,1998-12-31,2017-11-30,228.0
675,600219.0,1999-12-31,2017-11-30,213.0
676,600220.0,1999-09-30,2017-11-30,219.0
677,600221.0,1999-11-30,2017-11-30,216.0
678,600222.0,1999-11-30,2017-11-30,214.0
679,600223.0,2000-01-31,2017-11-30,212.0
680,600225.0,2000-01-31,2017-11-30,181.0
681,600226.0,1999-11-30,2017-11-30,209.0
682,600227.0,2000-02-29,2017-10-31,206.0
683,600228.0,1999-01-31,2017-11-30,220.0
684,600229.0,2000-03-31,2017-11-30,208.0
685,600230.0,2000-04-30,2017-11-30,211.0
686,600231.0,2000-05-31,2017-11-30,208.0
687,600232.0,2000-06-30,2017-11-30,206.0
688,600233.0,2000-06-30,2017-11-30,207.0
689,600234.0,2000-06-30,2017-11-30,197.0
690,600235.0,2000-06-30,2017-11-30,210.0
691,600236.0,2000-03-31,2017-11-30,210.0
692,600237.0,2000-06-30,2017-11-30,207.0
693,600238.0,2000-01-31,2017-11-30,208.0
694,600239.0,1999-12-31,2017-06-30,199.0
695,600240.0,2000-06-30,2017-11-30,208.0
696,600241.0,2000-11-30,2017-11-30,201.0
697,600242.0,2000-12-31,2017-10-31,173.0
698,600243.0,2000-11-30,2017-11-30,202.0
699,600246.0,2000-09-30,2017-11-30,197.0
700,600247.0,2000-11-30,2017-11-30,200.0
701,600248.0,2000-06-30,2017-07-31,184.0
702,600249.0,2004-01-31,2017-11-30,167.0
703,600250.0,2001-03-31,2017-11-30,196.0
704,600251.0,2003-06-30,2017-11-30,174.0
705,600252.0,2000-11-30,2017-11-30,204.0
706,600255.0,2000-11-30,2017-11-30,200.0
707,600256.0,2000-05-31,2017-11-30,211.0
708,600257.0,2000-06-30,2017-09-30,208.0
709,600258.0,2000-06-30,2017-11-30,199.0
710,600259.0,2000-05-31,2017-11-30,187.0
711,600260.0,2000-07-31,2017-11-30,207.0
712,600261.0,2000-07-31,2017-11-30,209.0
713,600262.0,2000-06-30,2017-11-30,210.0
714,600265.0,2000-08-31,2017-11-30,208.0
715,600266.0,1999-02-28,2017-11-30,226.0
716,600267.0,2000-07-31,2017-11-30,209.0
717,600268.0,1999-11-30,2017-11-30,217.0
718,600269.0,2000-05-31,2017-11-30,210.0
719,600270.0,2000-12-31,2017-11-30,204.0
720,600271.0,2003-07-31,2017-11-30,168.0
721,600272.0,2001-02-28,2017-11-30,200.0
722,600273.0,2003-06-30,2017-10-31,170.0
723,600275.0,2000-08-31,2017-11-30,200.0
724,600276.0,2000-10-31,2017-11-30,206.0
725,600277.0,2000-07-31,2017-11-30,199.0
726,600278.0,2000-07-31,2017-11-30,209.0
727,600279.0,2000-07-31,2017-11-30,209.0
728,600280.0,2000-09-30,2017-11-30,205.0
729,600281.0,2000-11-30,2017-11-30,201.0
730,600282.0,2000-09-30,2017-11-30,207.0
731,600283.0,2000-10-31,2017-11-30,206.0
732,600284.0,2004-03-31,2017-11-30,164.0
733,600285.0,2000-10-31,2017-11-30,206.0
734,600287.0,2000-09-30,2017-11-30,206.0
735,600288.0,2000-11-30,2017-11-30,203.0
736,600289.0,2000-07-31,2017-09-30,205.0
737,600290.0,2000-11-30,2017-11-30,203.0
738,600291.0,2000-07-31,2017-11-30,202.0
739,600292.0,2000-11-30,2017-11-30,204.0
740,600293.0,2000-09-30,2017-11-30,203.0
741,600295.0,2001-04-30,2017-11-30,194.0
742,600297.0,2000-11-30,2017-11-30,196.0
743,600298.0,2000-08-31,2017-11-30,208.0
744,600299.0,2000-04-30,2017-11-30,204.0
745,600300.0,2000-06-30,2017-11-30,210.0
746,600301.0,2000-07-31,2017-11-30,207.0
747,600302.0,2000-12-31,2017-11-30,203.0
748,600303.0,2000-12-31,2017-11-30,203.0
749,600305.0,2001-02-28,2017-11-30,202.0
750,600306.0,2000-12-31,2017-11-30,198.0
751,600307.0,2000-12-31,2017-11-30,204.0
752,600308.0,2000-09-30,2017-11-30,207.0
753,600309.0,2001-01-31,2017-11-30,203.0
754,600310.0,2001-02-28,2017-11-30,202.0
755,600311.0,2001-06-30,2017-11-30,193.0
756,600312.0,2001-02-28,2017-11-30,197.0
757,600313.0,2001-01-31,2017-11-30,173.0
758,600315.0,2001-03-31,2017-11-30,192.0
759,600316.0,2000-12-31,2017-11-30,202.0
760,600317.0,2002-01-31,2017-11-30,191.0
761,600318.0,2000-12-31,2017-11-30,187.0
762,600319.0,2001-03-31,2017-11-30,191.0
763,600320.0,2000-12-31,2017-11-30,204.0
764,600321.0,2001-05-31,2017-11-30,195.0
765,600322.0,2001-09-30,2017-11-30,195.0
766,600323.0,2000-12-31,2017-11-30,203.0
767,600325.0,2004-02-29,2017-11-30,166.0
768,600326.0,2001-01-31,2017-11-30,203.0
769,600327.0,2002-06-30,2017-11-30,186.0
770,600328.0,2000-12-31,2017-07-31,199.0
771,600329.0,2001-06-30,2017-11-30,198.0
772,600330.0,2001-01-31,2017-11-30,198.0
773,600331.0,2001-12-31,2017-11-30,184.0
774,600332.0,2001-02-28,2017-10-31,198.0
775,600333.0,2000-12-31,2017-11-30,203.0
776,600335.0,2001-03-31,2017-11-30,198.0
777,600336.0,2000-12-31,2017-11-30,204.0
778,600337.0,2000-11-30,2017-11-30,204.0
779,600338.0,2000-12-31,2017-11-30,193.0
780,600339.0,2000-12-31,2017-11-30,197.0
781,600340.0,2003-12-31,2017-11-30,166.0
782,600343.0,2003-04-30,2017-11-30,176.0
783,600345.0,2000-12-31,2017-11-30,204.0
784,600346.0,2001-08-31,2017-11-30,188.0
785,600348.0,2003-08-31,2017-11-30,172.0
786,600350.0,2002-03-31,2017-11-30,188.0
787,600351.0,2002-09-30,2017-11-30,183.0
788,600352.0,2003-08-31,2017-11-30,172.0
789,600353.0,2002-11-30,2017-11-30,179.0
790,600354.0,2004-01-31,2017-11-30,166.0
791,600355.0,2002-06-30,2017-11-30,184.0
792,600356.0,2001-04-30,2017-11-30,198.0
793,600358.0,2000-09-30,2017-11-30,198.0
794,600359.0,1999-04-30,2017-11-30,223.0
795,600360.0,2001-03-31,2017-11-30,200.0
796,600361.0,2001-11-30,2017-11-30,193.0
797,600362.0,2002-01-31,2017-11-30,191.0
798,600363.0,2001-03-31,2017-11-30,198.0
799,600365.0,2001-01-31,2017-11-30,198.0
800,600366.0,2000-10-31,2017-11-30,204.0
801,600367.0,2001-03-31,2017-11-30,201.0
802,600368.0,2000-12-31,2017-11-30,204.0
803,600369.0,2001-01-31,2017-11-30,185.0
804,600370.0,2003-03-31,2017-11-30,174.0
805,600371.0,2002-09-30,2017-11-30,181.0
806,600372.0,2001-07-31,2017-11-30,180.0
807,600373.0,2002-03-31,2017-11-30,183.0
808,600375.0,2003-04-30,2017-11-30,169.0
809,600376.0,2001-03-31,2017-11-30,200.0
810,600377.0,2001-01-31,2017-11-30,202.0
811,600378.0,2001-01-31,2017-09-30,201.0
812,600379.0,2002-01-31,2017-11-30,177.0
813,600380.0,2001-06-30,2017-11-30,197.0
814,600381.0,2001-05-31,2017-11-30,183.0
815,600382.0,2001-01-31,2017-11-30,203.0
816,600383.0,2001-04-30,2017-11-30,197.0
817,600385.0,2001-07-31,2017-11-30,172.0
818,600386.0,2001-02-28,2017-11-30,201.0
819,600387.0,2004-02-29,2017-11-30,162.0
820,600388.0,2000-12-31,2017-11-30,204.0
821,600389.0,2001-01-31,2017-11-30,197.0
822,600390.0,2001-01-31,2017-11-30,199.0
823,600391.0,2001-12-31,2017-11-30,191.0
824,600392.0,2003-05-31,2017-11-30,166.0
825,600393.0,2001-03-31,2017-11-30,195.0
826,600395.0,2001-05-31,2017-11-30,197.0
827,600396.0,2001-03-31,2017-11-30,197.0
828,600397.0,2002-07-31,2017-11-30,184.0
829,600398.0,2000-12-31,2017-11-30,203.0
830,600399.0,2000-12-31,2017-11-30,204.0
831,600400.0,2001-01-31,2017-11-30,199.0
832,600401.0,2003-09-30,2017-11-30,135.0
833,600403.0,2003-10-31,2017-11-30,166.0
834,600405.0,2004-04-30,2017-11-30,164.0
835,600406.0,2003-10-31,2017-11-30,164.0
836,600408.0,2003-02-28,2017-11-30,168.0
837,600409.0,2003-06-30,2017-11-30,174.0
838,600410.0,2004-04-30,2017-11-30,163.0
839,600415.0,2002-05-31,2017-11-30,185.0
840,600416.0,2002-07-31,2017-11-30,184.0
841,600418.0,2001-08-31,2017-11-30,192.0
842,600419.0,2001-06-30,2017-11-30,190.0
843,600420.0,2004-06-30,2017-11-30,158.0
844,600421.0,2004-06-30,2017-11-30,150.0
845,600422.0,2000-12-31,2017-11-30,204.0
846,600423.0,2003-07-31,2017-11-30,170.0
847,600425.0,2003-07-31,2017-11-30,173.0
848,600426.0,2002-06-30,2017-11-30,186.0
849,600428.0,2002-04-30,2017-11-30,185.0
850,600429.0,2003-09-30,2017-11-30,164.0
851,600432.0,2003-09-30,2017-04-30,159.0
852,600433.0,2003-06-30,2017-11-30,168.0
853,600435.0,2003-07-31,2017-11-30,165.0
854,600436.0,2003-06-30,2017-11-30,174.0
855,600438.0,2004-03-31,2017-11-30,160.0
856,600439.0,2003-07-31,2017-11-30,173.0
857,600444.0,2004-02-29,2017-11-30,161.0
858,600446.0,2003-12-31,2017-11-30,166.0
859,600448.0,2001-09-30,2017-11-30,194.0
860,600449.0,2003-08-31,2017-11-30,171.0
861,600452.0,2004-03-31,2017-11-30,163.0
862,600455.0,2004-03-31,2017-11-30,137.0
863,600456.0,2002-04-30,2017-11-30,188.0
864,600458.0,2002-12-31,2017-11-30,175.0
865,600459.0,2003-05-31,2017-11-30,174.0
866,600460.0,2003-03-31,2017-11-30,175.0
867,600461.0,2004-06-30,2017-11-30,157.0
868,600462.0,2003-09-30,2017-11-30,151.0
869,600463.0,2004-03-31,2017-11-30,164.0
870,600466.0,2001-02-28,2017-11-30,192.0
871,600467.0,2004-04-30,2017-11-30,164.0
872,600468.0,2001-06-30,2017-11-30,190.0
873,600469.0,2003-10-31,2017-11-30,162.0
874,600470.0,2004-03-31,2017-11-30,165.0
875,600475.0,2003-07-31,2017-11-30,169.0
876,600476.0,2003-12-31,2017-11-30,168.0
877,600477.0,2003-11-30,2017-11-30,169.0
878,600478.0,2003-09-30,2017-11-30,165.0
879,600479.0,2004-03-31,2017-11-30,165.0
880,600480.0,2003-08-31,2017-11-30,166.0
881,600481.0,2003-04-30,2017-11-30,171.0
882,600482.0,2004-07-31,2017-11-30,157.0
883,600483.0,2004-05-31,2017-11-30,161.0
884,600485.0,2003-08-31,2016-12-31,158.0
885,600486.0,2002-04-30,2017-11-30,188.0
886,600487.0,2003-08-31,2017-11-30,170.0
887,600488.0,2001-06-30,2017-11-30,196.0
888,600489.0,2003-08-31,2017-11-30,172.0
889,600490.0,2003-06-30,2017-11-30,160.0
890,600491.0,2004-05-31,2017-11-30,163.0
891,600493.0,2004-04-30,2017-11-30,163.0
892,600495.0,2004-05-31,2017-11-30,163.0
893,600496.0,2002-06-30,2017-11-30,186.0
894,600497.0,2004-04-30,2017-11-30,159.0
895,600498.0,2001-08-31,2017-11-30,195.0
896,600499.0,2002-10-31,2017-11-30,179.0
897,600500.0,2000-03-31,2017-11-30,213.0
898,600501.0,2001-06-30,2017-11-30,198.0
899,600502.0,2003-04-30,2017-11-30,171.0
900,600503.0,2002-07-31,2017-11-30,172.0
901,600505.0,2002-05-31,2017-11-30,186.0
902,600506.0,2001-12-31,2017-11-30,188.0
903,600507.0,2003-09-30,2017-11-30,171.0
904,600508.0,2001-08-31,2017-11-30,196.0
905,600509.0,2002-02-28,2017-11-30,190.0
906,600510.0,2002-06-30,2017-11-30,185.0
907,600511.0,2002-11-30,2017-11-30,174.0
908,600512.0,2002-12-31,2017-11-30,180.0
909,600513.0,2003-03-31,2017-11-30,177.0
910,600515.0,2002-08-31,2017-11-30,175.0
911,600516.0,2002-08-31,2017-11-30,182.0
912,600517.0,2003-10-31,2017-11-30,166.0
913,600518.0,2001-03-31,2017-11-30,201.0
914,600519.0,2001-08-31,2017-11-30,195.0
915,600520.0,2002-01-31,2017-11-30,189.0
916,600521.0,2003-03-31,2017-11-30,177.0
917,600522.0,2002-10-31,2017-11-30,181.0
918,600523.0,2001-12-31,2017-11-30,191.0
919,600525.0,2002-12-31,2017-11-30,174.0
920,600526.0,2002-07-31,2017-11-30,185.0
921,600527.0,2003-11-30,2017-11-30,169.0
922,600528.0,2001-05-31,2017-11-30,197.0
923,600529.0,2002-06-30,2017-11-30,185.0
924,600530.0,2001-07-31,2017-11-30,193.0
925,600531.0,2002-07-31,2017-11-30,185.0
926,600532.0,2002-10-31,2017-11-30,178.0
927,600533.0,2002-03-31,2017-11-30,185.0
928,600535.0,2002-08-31,2017-11-30,184.0
929,600536.0,2002-05-31,2017-11-30,187.0
930,600537.0,2003-01-31,2017-11-30,179.0
931,600538.0,2003-01-31,2017-11-30,175.0
932,600539.0,2001-08-31,2017-11-30,190.0
933,600540.0,2004-01-31,2017-11-30,165.0
934,600543.0,2004-03-31,2017-11-30,165.0
935,600545.0,2003-12-31,2017-11-30,163.0
936,600546.0,2003-07-31,2017-11-30,173.0
937,600547.0,2003-08-31,2017-11-30,167.0
938,600548.0,2001-12-31,2017-11-30,192.0
939,600549.0,2002-11-30,2017-11-30,181.0
940,600550.0,2001-02-28,2017-11-30,201.0
941,600551.0,2002-09-30,2017-11-30,177.0
942,600552.0,2002-11-30,2017-11-30,171.0
943,600555.0,2001-03-31,2017-11-30,196.0
944,600556.0,2001-08-31,2017-11-30,125.0
945,600557.0,2002-09-30,2017-11-30,183.0
946,600558.0,2001-02-28,2017-11-30,199.0
947,600559.0,2002-10-31,2017-11-30,172.0
948,600560.0,2002-09-30,2017-11-30,183.0
949,600561.0,2002-07-31,2017-11-30,182.0
950,600562.0,2003-01-31,2017-11-30,179.0
951,600563.0,2002-12-31,2017-11-30,180.0
952,600565.0,2002-07-31,2017-11-30,181.0
953,600566.0,2001-08-31,2017-11-30,192.0
954,600567.0,2001-12-31,2017-11-30,190.0
955,600568.0,2001-05-31,2017-11-30,189.0
956,600569.0,2001-08-31,2017-11-30,194.0
957,600570.0,2003-12-31,2017-11-30,168.0
958,600571.0,2002-11-30,2017-11-30,175.0
959,600572.0,2004-04-30,2017-11-30,159.0
960,600573.0,2003-02-28,2017-11-30,178.0
961,600575.0,2003-03-31,2017-11-30,165.0
962,600576.0,2003-02-28,2017-11-30,167.0
963,600577.0,2002-09-30,2017-11-30,173.0
964,600578.0,2002-05-31,2017-11-30,183.0
965,600579.0,2002-08-31,2017-06-30,173.0
966,600580.0,2002-06-30,2017-11-30,185.0
967,600581.0,2002-08-31,2017-11-30,177.0
968,600582.0,2002-05-31,2017-11-30,186.0
969,600583.0,2002-02-28,2017-11-30,190.0
970,600584.0,2003-06-30,2017-11-30,167.0
971,600585.0,2002-02-28,2017-11-30,190.0
972,600586.0,2002-08-31,2017-11-30,184.0
973,600587.0,2002-09-30,2017-11-30,180.0
974,600588.0,2001-05-31,2017-11-30,199.0
975,600589.0,2001-06-30,2017-11-30,195.0
976,600590.0,2002-07-31,2017-11-30,178.0
977,600592.0,2002-08-31,2017-11-30,182.0
978,600593.0,2002-07-31,2017-11-30,183.0
979,600594.0,2004-03-31,2017-11-30,165.0
980,600595.0,2002-06-30,2017-11-30,185.0
981,600596.0,2001-09-30,2017-11-30,195.0
982,600597.0,2002-08-31,2017-11-30,180.0
983,600598.0,2002-03-31,2017-11-30,188.0
984,600599.0,2001-08-31,2017-11-30,189.0
985,600600.0,1997-01-31,2017-11-30,249.0
986,600601.0,1997-01-31,2017-11-30,251.0
987,600602.0,1997-01-31,2017-11-30,242.0
988,600603.0,1997-01-31,2017-11-30,241.0
989,600604.0,1997-01-31,2017-11-30,246.0
990,600605.0,1997-01-31,2017-11-30,248.0
991,600606.0,1997-01-31,2017-11-30,237.0
992,600608.0,1997-01-31,2017-10-31,245.0
993,600609.0,1997-01-31,2017-11-30,243.0
994,600610.0,1997-01-31,2017-11-30,230.0
995,600611.0,1997-01-31,2017-11-30,251.0
996,600612.0,1997-01-31,2017-11-30,250.0
997,600613.0,1997-01-31,2017-11-30,242.0
998,600614.0,1997-01-31,2017-11-30,241.0
999,600615.0,1997-01-31,2017-11-30,236.0
1000,600616.0,1997-01-31,2017-11-30,250.0
1001,600617.0,1997-01-31,2017-11-30,233.0
1002,600618.0,1997-01-31,2017-11-30,251.0
1003,600619.0,1997-01-31,2017-11-30,250.0
1004,600620.0,1997-01-31,2017-11-30,248.0
1005,600621.0,1997-01-31,2017-11-30,249.0
1006,600622.0,1997-01-31,2017-11-30,250.0
1007,600623.0,1997-01-31,2017-11-30,247.0
1008,600624.0,1997-01-31,2017-11-30,251.0
1009,600626.0,1997-01-31,2017-11-30,250.0
1010,600628.0,1997-01-31,2017-11-30,250.0
1011,600629.0,1997-01-31,2017-11-30,220.0
1012,600630.0,1997-01-31,2017-11-30,250.0
1013,600633.0,1997-01-31,2017-11-30,229.0
1014,600634.0,1997-01-31,2017-11-30,216.0
1015,600635.0,1997-01-31,2017-11-30,250.0
1016,600636.0,1997-01-31,2017-11-30,237.0
1017,600637.0,1997-01-31,2017-11-30,239.0
1018,600638.0,1997-01-31,2017-11-30,251.0
1019,600639.0,1997-01-31,2017-11-30,250.0
1020,600640.0,1997-01-31,2017-11-30,248.0
1021,600641.0,1997-01-31,2017-11-30,245.0
1022,600642.0,1997-01-31,2017-11-30,251.0
1023,600643.0,1997-01-31,2017-11-30,243.0
1024,600644.0,1997-01-31,2017-11-30,251.0
1025,600645.0,1997-01-31,2017-09-30,239.0
1026,600647.0,1997-01-31,2017-11-30,247.0
1027,600648.0,1997-01-31,2017-11-30,247.0
1028,600649.0,1997-01-31,2017-11-30,237.0
1029,600650.0,1997-01-31,2017-11-30,251.0
1030,600651.0,1997-01-31,2017-11-30,250.0
1031,600652.0,1997-01-31,2017-11-30,244.0
1032,600653.0,1997-01-31,2017-11-30,243.0
1033,600654.0,1997-01-31,2017-11-30,233.0
1034,600655.0,1997-01-31,2017-11-30,237.0
1035,600657.0,1997-01-31,2017-11-30,238.0
1036,600658.0,1997-01-31,2017-11-30,251.0
1037,600660.0,1997-01-31,2017-11-30,250.0
1038,600661.0,1997-01-31,2017-11-30,247.0
1039,600662.0,1997-01-31,2017-11-30,248.0
1040,600663.0,1997-01-31,2017-11-30,247.0
1041,600664.0,1997-01-31,2017-09-30,246.0
1042,600665.0,1997-01-31,2017-11-30,248.0
1043,600666.0,1997-01-31,2017-04-30,238.0
1044,600667.0,1997-01-31,2017-11-30,244.0
1045,600668.0,1997-01-31,2017-11-30,251.0
1046,600671.0,1997-01-31,2017-11-30,236.0
1047,600673.0,1997-01-31,2017-11-30,232.0
1048,600674.0,1997-01-31,2017-11-30,250.0
1049,600675.0,1997-01-31,2017-11-30,240.0
1050,600676.0,1997-01-31,2017-11-30,250.0
1051,600677.0,1997-01-31,2017-11-30,247.0
1052,600678.0,1997-01-31,2017-11-30,235.0
1053,600679.0,1997-01-31,2017-11-30,248.0
1054,600680.0,1997-01-31,2017-11-30,251.0
1055,600681.0,1997-01-31,2017-11-30,202.0
1056,600682.0,1997-01-31,2017-09-30,238.0
1057,600683.0,1997-01-31,2017-11-30,251.0
1058,600684.0,1997-01-31,2017-11-30,251.0
1059,600685.0,1997-01-31,2017-09-30,243.0
1060,600686.0,1997-01-31,2017-11-30,248.0
1061,600687.0,1997-01-31,2017-11-30,228.0
1062,600688.0,1997-01-31,2017-11-30,250.0
1063,600689.0,1997-01-31,2017-11-30,243.0
1064,600690.0,1997-01-31,2017-11-30,247.0
1065,600691.0,1997-01-31,2017-11-30,245.0
1066,600692.0,1997-01-31,2017-11-30,251.0
1067,600693.0,1997-01-31,2017-11-30,251.0
1068,600694.0,1997-01-31,2017-11-30,249.0
1069,600695.0,1997-01-31,2017-11-30,243.0
1070,600696.0,1997-01-31,2017-11-30,249.0
1071,600697.0,1997-01-31,2017-11-30,251.0
1072,600698.0,1997-01-31,2017-11-30,220.0
1073,600699.0,1997-01-31,2017-11-30,240.0
1074,600701.0,1997-01-31,2017-11-30,243.0
1075,600702.0,1997-01-31,2017-11-30,250.0
1076,600703.0,1997-01-31,2017-11-30,237.0
1077,600704.0,1997-01-31,2017-11-30,244.0
1078,600705.0,1997-01-31,2017-11-30,185.0
1079,600706.0,1997-01-31,2017-11-30,249.0
1080,600707.0,1997-01-31,2017-11-30,250.0
1081,600708.0,1997-01-31,2017-11-30,249.0
1082,600710.0,1997-01-31,2017-11-30,231.0
1083,600711.0,1997-01-31,2017-11-30,245.0
1084,600712.0,1997-01-31,2017-11-30,250.0
1085,600713.0,1997-01-31,2017-11-30,251.0
1086,600714.0,1997-01-31,2017-11-30,247.0
1087,600715.0,1997-01-31,2017-07-31,245.0
1088,600716.0,1997-01-31,2017-11-30,244.0
1089,600717.0,1997-01-31,2017-11-30,251.0
1090,600718.0,1997-01-31,2017-11-30,251.0
1091,600719.0,1997-01-31,2017-11-30,243.0
1092,600720.0,1997-01-31,2017-11-30,251.0
1093,600721.0,1997-01-31,2017-11-30,236.0
1094,600722.0,1997-01-31,2017-11-30,239.0
1095,600723.0,1997-01-31,2017-11-30,249.0
1096,600724.0,1997-01-31,2017-11-30,250.0
1097,600726.0,1997-01-31,2017-11-30,251.0
1098,600727.0,1997-01-31,2017-11-30,232.0
1099,600728.0,1997-01-31,2017-11-30,240.0
1100,600729.0,1997-01-31,2017-11-30,245.0
1101,600730.0,1997-01-31,2017-11-30,246.0
1102,600731.0,1997-01-31,2017-11-30,251.0
1103,600732.0,1997-01-31,2017-11-30,225.0
1104,600734.0,1997-01-31,2017-11-30,217.0
1105,600735.0,1997-01-31,2017-11-30,239.0
1106,600736.0,1997-01-31,2017-11-30,247.0
1107,600737.0,1997-01-31,2017-11-30,251.0
1108,600738.0,1997-01-31,2017-11-30,246.0
1109,600739.0,1997-01-31,2017-11-30,247.0
1110,600740.0,1997-01-31,2017-11-30,246.0
1111,600741.0,1997-01-31,2017-11-30,250.0
1112,600742.0,1997-01-31,2017-11-30,251.0
1113,600743.0,1997-01-31,2017-11-30,234.0
1114,600744.0,1997-01-31,2017-11-30,248.0
1115,600745.0,1997-01-31,2017-11-30,226.0
1116,600746.0,1997-01-31,2017-11-30,249.0
1117,600747.0,1997-01-31,2017-11-30,244.0
1118,600748.0,1997-01-31,2017-11-30,249.0
1119,600749.0,1997-01-31,2017-11-30,240.0
1120,600750.0,1997-01-31,2017-11-30,250.0
1121,600751.0,1997-01-31,2017-11-30,235.0
1122,600753.0,1997-01-31,2017-11-30,243.0
1123,600754.0,1997-01-31,2017-11-30,248.0
1124,600755.0,1997-01-31,2017-11-30,251.0
1125,600756.0,1997-01-31,2017-11-30,247.0
1126,600757.0,1997-01-31,2017-11-30,241.0
1127,600758.0,1997-01-31,2017-11-30,245.0
1128,600759.0,1997-01-31,2017-11-30,220.0
1129,600760.0,1997-01-31,2017-11-30,246.0
1130,600761.0,1997-01-31,2017-11-30,251.0
1131,600763.0,1997-01-31,2017-11-30,238.0
1132,600764.0,1997-01-31,2017-11-30,242.0
1133,600765.0,1997-01-31,2017-11-30,251.0
1134,600766.0,1997-01-31,2017-11-30,246.0
1135,600767.0,1997-01-31,2017-11-30,242.0
1136,600768.0,1997-01-31,2017-11-30,240.0
1137,600769.0,1997-01-31,2017-11-30,247.0
1138,600770.0,1997-01-31,2017-11-30,248.0
1139,600771.0,1997-01-31,2017-11-30,248.0
1140,600773.0,1997-01-31,2017-11-30,242.0
1141,600774.0,1997-01-31,2017-11-30,251.0
1142,600775.0,1997-01-31,2017-11-30,248.0
1143,600776.0,1997-01-31,2017-11-30,251.0
1144,600777.0,1997-01-31,2017-11-30,240.0
1145,600778.0,1997-01-31,2017-11-30,248.0
1146,600779.0,1997-01-31,2017-11-30,251.0
1147,600780.0,1997-01-31,2017-11-30,234.0
1148,600781.0,1997-01-31,2017-11-30,245.0
1149,600782.0,1997-01-31,2017-11-30,248.0
1150,600783.0,1997-01-31,2017-11-30,243.0
1151,600784.0,1997-01-31,2017-11-30,243.0
1152,600785.0,1997-01-31,2017-11-30,246.0
1153,600787.0,1997-01-31,2017-11-30,251.0
1154,600789.0,1997-02-28,2017-11-30,250.0
1155,600790.0,1997-02-28,2017-11-30,247.0
1156,600791.0,1997-01-31,2017-11-30,251.0
1157,600792.0,1997-01-31,2017-11-30,243.0
1158,600793.0,1997-02-28,2017-11-30,243.0
1159,600794.0,1997-03-31,2017-11-30,247.0
1160,600795.0,1997-03-31,2017-11-30,247.0
1161,600796.0,1997-04-30,2017-11-30,243.0
1162,600797.0,1997-04-30,2017-11-30,243.0
1163,600798.0,1997-04-30,2017-11-30,246.0
1164,600800.0,1997-01-31,2017-11-30,245.0
1165,600801.0,1997-01-31,2017-11-30,251.0
1166,600802.0,1997-01-31,2017-11-30,251.0
1167,600803.0,1997-01-31,2017-11-30,247.0
1168,600804.0,1997-01-31,2017-11-30,251.0
1169,600805.0,1997-01-31,2017-11-30,250.0
1170,600806.0,1997-01-31,2017-04-30,236.0
1171,600807.0,1997-01-31,2017-11-30,240.0
1172,600808.0,1997-01-31,2017-11-30,251.0
1173,600809.0,1997-01-31,2017-11-30,251.0
1174,600810.0,1997-01-31,2017-11-30,250.0
1175,600811.0,1997-01-31,2017-11-30,250.0
1176,600812.0,1997-01-31,2017-11-30,251.0
1177,600814.0,1997-01-31,2017-11-30,246.0
1178,600815.0,1997-01-31,2017-11-30,251.0
1179,600816.0,1997-01-31,2017-11-30,234.0
1180,600817.0,1997-01-31,2017-11-30,198.0
1181,600818.0,1997-01-31,2017-10-31,248.0
1182,600819.0,1997-01-31,2017-11-30,245.0
1183,600820.0,1997-01-31,2017-11-30,248.0
1184,600821.0,1997-01-31,2017-11-30,249.0
1185,600822.0,1997-01-31,2017-11-30,245.0
1186,600823.0,1997-01-31,2017-11-30,250.0
1187,600824.0,1997-01-31,2017-11-30,251.0
1188,600825.0,1997-01-31,2017-11-30,248.0
1189,600826.0,1997-01-31,2017-11-30,251.0
1190,600827.0,1997-01-31,2017-11-30,247.0
1191,600828.0,1997-01-31,2017-11-30,245.0
1192,600829.0,1997-01-31,2017-09-30,246.0
1193,600830.0,1997-01-31,2017-11-30,251.0
1194,600831.0,1997-01-31,2017-11-30,251.0
1195,600833.0,1997-01-31,2017-11-30,246.0
1196,600834.0,1997-01-31,2017-11-30,248.0
1197,600835.0,1997-01-31,2017-11-30,251.0
1198,600836.0,1997-01-31,2017-11-30,251.0
1199,600837.0,1997-01-31,2017-11-30,246.0
1200,600838.0,1997-01-31,2017-11-30,251.0
1201,600839.0,1997-01-31,2017-11-30,250.0
1202,600841.0,1997-01-31,2017-11-30,246.0
1203,600843.0,1997-01-31,2017-11-30,247.0
1204,600844.0,1997-01-31,2017-11-30,242.0
1205,600845.0,1997-01-31,2017-11-30,249.0
1206,600846.0,1997-01-31,2017-11-30,251.0
1207,600847.0,1997-01-31,2017-11-30,241.0
1208,600848.0,1997-01-31,2017-11-30,238.0
1209,600850.0,1997-01-31,2017-11-30,249.0
1210,600851.0,1997-01-31,2017-11-30,250.0
1211,600853.0,1997-01-31,2017-11-30,247.0
1212,600854.0,1997-01-31,2017-11-30,233.0
1213,600855.0,1997-01-31,2017-11-30,244.0
1214,600856.0,1997-01-31,2017-11-30,241.0
1215,600857.0,1997-01-31,2017-11-30,251.0
1216,600858.0,1997-01-31,2017-11-30,240.0
1217,600859.0,1997-01-31,2017-11-30,244.0
1218,600860.0,1997-01-31,2017-11-30,244.0
1219,600861.0,1997-01-31,2017-11-30,251.0
1220,600862.0,1997-01-31,2017-11-30,230.0
1221,600863.0,1997-01-31,2017-11-30,251.0
1222,600864.0,1997-01-31,2017-11-30,246.0
1223,600865.0,1997-01-31,2017-11-30,249.0
1224,600866.0,1997-01-31,2017-11-30,244.0
1225,600867.0,1997-01-31,2017-11-30,250.0
1226,600868.0,1997-01-31,2017-11-30,249.0
1227,600869.0,1997-01-31,2017-11-30,250.0
1228,600870.0,1997-01-31,2017-07-31,221.0
1229,600871.0,1997-01-31,2017-11-30,247.0
1230,600872.0,1997-01-31,2017-11-30,247.0
1231,600873.0,1997-01-31,2017-11-30,240.0
1232,600874.0,1997-01-31,2017-11-30,251.0
1233,600875.0,1997-01-31,2017-11-30,248.0
1234,600876.0,1997-01-31,2017-11-30,239.0
1235,600877.0,1997-01-31,2017-10-31,244.0
1236,600879.0,1997-01-31,2017-11-30,248.0
1237,600880.0,1997-01-31,2017-11-30,246.0
1238,600881.0,1997-01-31,2017-11-30,251.0
1239,600882.0,1997-01-31,2017-11-30,244.0
1240,600883.0,1997-01-31,2017-11-30,251.0
1241,600884.0,1997-01-31,2017-11-30,251.0
1242,600885.0,1997-01-31,2017-11-30,244.0
1243,600886.0,1997-01-31,2017-11-30,244.0
1244,600887.0,1997-01-31,2017-11-30,251.0
1245,600888.0,1997-01-31,2017-11-30,250.0
1246,600889.0,1997-01-31,2017-11-30,250.0
1247,600891.0,1997-01-31,2017-11-30,242.0
1248,600892.0,1997-01-31,2017-11-30,239.0
1249,600893.0,1997-01-31,2017-11-30,227.0
1250,600894.0,1997-01-31,2017-11-30,250.0
1251,600895.0,1997-01-31,2017-11-30,251.0
1252,600896.0,1997-01-31,2017-11-30,247.0
1253,600897.0,1997-01-31,2017-11-30,251.0
1254,600898.0,1997-01-31,2017-11-30,202.0
1255,600900.0,2003-11-30,2017-11-30,154.0
1256,600960.0,2004-04-30,2017-11-30,160.0
1257,600961.0,2004-08-31,2017-11-30,160.0
1258,600962.0,2004-06-30,2017-11-30,158.0
1259,600963.0,2004-05-31,2017-11-30,161.0
1260,600965.0,2004-07-31,2017-11-30,156.0
1261,600966.0,2004-06-30,2017-11-30,161.0
1262,600967.0,2004-05-31,2017-11-30,157.0
1263,600969.0,2004-04-30,2017-11-30,164.0
1264,600971.0,2004-08-31,2017-11-30,160.0
1265,600973.0,2004-08-31,2017-11-30,157.0
1266,600975.0,2004-06-30,2017-11-30,159.0
1267,600976.0,2004-04-30,2017-11-30,163.0
1268,600978.0,2004-08-31,2017-11-30,152.0
1269,600979.0,2004-09-30,2017-11-30,155.0
1270,600980.0,2004-05-31,2017-11-30,162.0
1271,600981.0,2004-06-30,2017-11-30,155.0
1272,600982.0,2004-07-31,2017-11-30,158.0
1273,600983.0,2004-07-31,2017-11-30,154.0
1274,600984.0,2004-07-31,2017-11-30,156.0
1275,600985.0,2004-04-30,2017-07-31,156.0
1276,600986.0,2004-04-30,2017-11-30,157.0
1277,600987.0,2004-08-31,2017-11-30,160.0
1278,600988.0,2004-04-30,2017-11-30,156.0
1279,600990.0,2004-05-31,2017-11-30,157.0
1280,600992.0,2004-05-31,2017-11-30,163.0
1281,600993.0,2004-05-31,2017-11-30,163.0
1282,600995.0,2004-06-30,2017-11-30,159.0
1283,600997.0,2004-06-30,2017-11-30,159.0
1284,601607.0,1997-01-31,2017-11-30,244.0
